{"stats":{"minecraft:mined":{"minecraft:grass_block":1,"minecraft:dark_oak_log":1},"minecraft:picked_up":{"minecraft:dark_oak_log":1,"minecraft:dirt":1},"minecraft:custom":{"minecraft:jump":70,"minecraft:time_since_rest":4897,"minecraft:crouch_one_cm":105,"minecraft:sprint_one_cm":6777,"minecraft:play_time":13587,"minecraft:deaths":2,"minecraft:time_since_death":4857,"minecraft:walk_one_cm":3290,"minecraft:sneak_time":66,"minecraft:total_world_time":13587,"minecraft:fall_one_cm":5654,"minecraft:fly_one_cm":13597}},"DataVersion":3465}