{"stats":{"minecraft:mined":{"minecraft:grass_block":1,"minecraft:dirt":1,"minecraft:red_mushroom_block":3,"minecraft:dark_oak_log":3},"minecraft:crafted":{"minecraft:dark_oak_planks":12,"minecraft:crafting_table":1},"minecraft:picked_up":{"minecraft:red_mushroom":2,"minecraft:dark_oak_log":3,"minecraft:dirt":2},"minecraft:dropped":{"minecraft:red_mushroom":2},"minecraft:used":{"minecraft:dirt":2,"minecraft:crafting_table":1},"minecraft:custom":{"minecraft:time_since_rest":7645,"minecraft:crouch_one_cm":105,"minecraft:play_time":16335,"minecraft:sprint_one_cm":13387,"minecraft:walk_one_cm":7946,"minecraft:deaths":2,"minecraft:sneak_time":66,"minecraft:drop":2,"minecraft:jump":113,"minecraft:leave_game":1,"minecraft:time_since_death":7605,"minecraft:total_world_time":16335,"minecraft:fall_one_cm":6763,"minecraft:fly_one_cm":22140}},"DataVersion":3465}