{"stats":{"minecraft:killed":{"spore:inf_hazmat":2,"spore:braiomil":2,"minecraft:spider":16,"minecraft:skeleton":8,"alexsmobs:banana_slug":1,"minecraft:chicken":2,"alexsmobs:straddler":1,"alexsmobs:laviathan":1,"alexsmobs:grizzly_bear":2,"spore:inf_player":7,"spore:inf_wanderer":4,"minecraft:iron_golem":2,"alexsmobs:seal":1,"alexsmobs:stradpole":4,"minecraft:creeper":4,"alexsmobs:crimson_mosquito":2,"minecraft:sheep":10,"spore:inf_villager":26,"spore:inf_human":39,"minecraft:zombie":21,"alexsmobs:terrapin":2,"mca:male_villager":21,"minecraft:cow":7,"mca:female_zombie_villager":2,"minecraft:vex":2,"alexsmobs:raccoon":2,"alexsmobs:tasmanian_devil":2,"alexsmobs:seagull":1,"alexsmobs:sugar_glider":2,"alexsmobs:bison":1,"alexsmobs:tusklin":1,"minecraft:hoglin":1,"spore:inf_pillager":9,"alexsmobs:cockroach":2,"spore:inf_witch":8,"alexsmobs:crow":1,"mca:female_villager":25,"spore:busser":1,"minecraft:enderman":2},"minecraft:mined":{"minecraft:large_amethyst_bud":1,"minecraft:spruce_planks":1,"minecraft:white_bed":2,"minecraft:budding_amethyst":2,"minecraft:grass_block":4,"tacz:gun_smith_table":3,"minecraft:spawner":2,"minecraft:tall_seagrass":3,"minecraft:magma_block":2,"minecraft:iron_ore":2,"minecraft:fire":6,"minecraft:azure_bluet":1,"minecraft:pointed_dripstone":3,"minecraft:green_carpet":1,"minecraft:blackstone":43,"spore:vent_door":1,"minecraft:medium_amethyst_bud":1,"minecraft:amethyst_cluster":2,"minecraft:torch":7,"minecraft:calcite":1,"minecraft:poppy":1,"minecraft:polished_andesite_stairs":2,"minecraft:mushroom_stem":28,"minecraft:nether_quartz_ore":3,"minecraft:cobblestone":19,"minecraft:oak_planks":11,"minecraft:wall_torch":14,"minecraft:amethyst_block":20,"minecraft:deepslate_copper_ore":1,"mca:cross_headstone":12,"minecraft:verdant_froglight":1,"minecraft:birch_log":25,"minecraft:blue_ice":19,"dynamictrees:birch_leaves":6,"minecraft:stone_brick_stairs":2,"minecraft:grass":48,"minecraft:oak_log":6,"minecraft:dirt":27,"minecraft:crimson_planks":3,"structure_gel:dynamic_spawner":6,"uniquedungeons:crystal":1,"minecraft:red_mushroom_block":56,"minecraft:netherrack":117,"minecraft:piston":9,"minecraft:oak_leaves":3,"minecraft:deepslate":11,"spore:remains":5,"minecraft:red_carpet":5,"minecraft:tuff":1,"minecraft:mossy_cobblestone":3,"minecraft:dark_oak_leaves":1,"minecraft:dark_oak_log":1,"spore:lab_block3":5,"uniquedungeons:dark_antique_stone":1,"minecraft:crimson_roots":1,"minecraft:brown_mushroom_block":57,"minecraft:soul_campfire":1,"minecraft:polished_andesite_slab":3,"spore:growths_small":2,"minecraft:large_fern":1,"dynamictrees:oak_leaves":1,"minecraft:furnace":2,"spore:cdu":3,"minecraft:andesite":2,"minecraft:gold_block":5,"minecraft:packed_ice":9,"minecraft:stone":144,"minecraft:ender_chest":1,"spore:lab_block":2,"minecraft:smithing_table":1,"minecraft:light_gray_carpet":3,"minecraft:glass_pane":4,"minecraft:basalt":75,"minecraft:dandelion":3,"minecraft:crafting_table":14,"minecraft:tall_grass":3,"minecraft:birch_planks":11,"minecraft:redstone_torch":4,"minecraft:ice":1,"minecraft:white_carpet":11,"minecraft:birch_leaves":3,"minecraft:coal_ore":19,"uniquedungeons:pedestal":1,"minecraft:gravel":1,"minecraft:dripstone_block":1,"spore:rusted_vent_plate":2,"minecraft:cobweb":2,"minecraft:polished_andesite":1,"minecraft:stone_bricks":1,"minecraft:fern":1},"minecraft:broken":{"jet_and_elias_armors:heavy_knight_armor_leggings":1,"minecraft:stone_axe":1,"jet_and_elias_armors:mercenary_gear_helmet":2,"minecraft:wooden_axe":1},"minecraft:crafted":{"minecraft:oak_planks":96,"minecraft:heavy_weighted_pressure_plate":7,"minecraft:iron_boots":1,"mca:matchmakers_ring":1,"minecraft:crafting_table":6,"minecraft:iron_helmet":1,"minecraft:copper_ingot":10,"minecraft:birch_planks":108,"minecraft:iron_chestplate":1,"minecraft:shield":1,"minecraft:stick":8,"minecraft:iron_ingot":4,"minecraft:iron_pickaxe":2,"minecraft:iron_block":5,"minecraft:gold_ingot":45,"minecraft:furnace":6,"minecraft:mushroom_stew":10,"minecraft:flint_and_steel":1,"jet_and_elias_armors:mercenary_gear_helmet":1,"minecraft:iron_axe":1,"minecraft:stone_pickaxe":1,"minecraft:cooked_beef":0,"minecraft:crimson_planks":112,"minecraft:bowl":4,"minecraft:stone_axe":2,"jet_and_elias_armors:knight_m_pink_boots":1,"minecraft:air":0,"minecraft:oak_boat":1,"minecraft:white_wool":2,"minecraft:wooden_axe":1,"minecraft:iron_leggings":1,"minecraft:white_bed":2},"minecraft:picked_up":{"minecraft:wooden_axe":1,"minecraft:iron_chestplate":2,"spore:mutated_heart":13,"minecraft:redstone_block":1,"minecraft:nether_brick":4,"minecraft:stone_brick_stairs":8,"minecraft:crimson_planks":3,"minecraft:amethyst_block":19,"minecraft:string":24,"magistuarmory:stechhelm":1,"minecraft:raw_copper":193,"magistuarmory:iron_zweihander":5,"minecraft:iron_leggings":3,"minecraft:sticky_piston":4,"alexsmobs:blood_sac":2,"minecraft:cobbled_deepslate":1,"uniquedungeons:crystal_shard":3,"minecraft:redstone_torch":11,"dynamictrees:oak_seed":16,"minecraft:iron_pickaxe":4,"alexsmobs:raccoon_tail":1,"minecraft:furnace":5,"minecraft:iron_boots":5,"mca:wedding_ring":1,"minecraft:stick":263,"minecraft:torch":190,"minecraft:porkchop":3,"minecraft:pointed_dripstone":3,"minecraft:stone_sword":1,"magistuarmory:jousting_leggings":1,"minecraft:rotten_flesh":11,"minecraft:leather_horse_armor":1,"minecraft:obsidian":1,"minecraft:snowball":16,"minecraft:cobblestone":278,"minecraft:birch_log":27,"minecraft:feather":20,"minecraft:cooked_beef":6,"alexsmobs:bison_fur":1,"jet_and_elias_armors:white_mercenary_heavy_chestplate":2,"minecraft:lapis_lazuli":57,"minecraft:dirt":18,"minecraft:name_tag":2,"minecraft:leather_boots":1,"minecraft:bone":39,"minecraft:bow":6,"minecraft:wheat_seeds":7,"mca:whistle":3,"minecraft:raw_gold":40,"tacz:gun_smith_table":5,"minecraft:oak_planks":146,"spore:cerebrum":10,"minecraft:cooked_porkchop":8,"sophisticatedbackpacks:iron_backpack":4,"magistuarmory:jousting_chestplate":1,"minecraft:grass_block":2,"minecraft:lily_of_the_valley":1,"spore:rusted_vent_plate":3,"minecraft:spectral_arrow":26,"alexsmobs:animal_dictionary":2,"spore:claw_fragment":4,"mca:villager_tracker":1,"magistuarmory:steel_chainmorgenstern":1,"minecraft:diamond":8,"spore:corrupted_record":1,"magistuarmory:leather_strip":6,"waystones:waystone":2,"minecraft:crossbow":2,"minecraft:golden_apple":1,"minecraft:emerald":8,"minecraft:bread":6,"minecraft:netherrack":2,"spore:spine_fragment":15,"minecraft:oak_sapling":1,"minecraft:light_gray_carpet":1,"minecraft:nether_star":8,"mca:scythe":1,"mca:cross_headstone":1,"mca:bouquet":1,"spore:lab_block":2,"minecraft:crafting_table":17,"minecraft:azure_bluet":2,"minecraft:chicken":6,"minecraft:redstone_lamp":13,"minecraft:brown_mushroom":15,"minecraft:gold_block":5,"mca:letter":2,"minecraft:flint_and_steel":1,"minecraft:iron_axe":3,"tacz:ammo":64,"minecraft:white_carpet":9,"minecraft:blackstone":13,"mca:staff_of_life":2,"minecraft:beef":41,"minecraft:iron_nugget":15,"minecraft:poppy":1,"minecraft:light_gray_wool":2,"minecraft:birch_sapling":1,"minecraft:piston":28,"minecraft:egg":1,"minecraft:raw_iron":95,"minecraft:oak_door":1,"minecraft:copper_ingot":13,"sophisticatedbackpacks:backpack":5,"minecraft:carrot":43,"minecraft:redstone":46,"mca:book_blueprint":1,"minecraft:arrow":105,"magistuarmory:steel_ingot":5,"jet_and_elias_armors:heavy_knight_armor_leggings":2,"magistuarmory:jousting_boots":1,"minecraft:saddle":2,"minecraft:glistering_melon_slice":4,"minecraft:gold_ingot":146,"mca:book_family":1,"spore:alveolic_sack":6,"minecraft:mutton":25,"minecraft:skeleton_skull":7,"minecraft:white_wool":10,"spore:cdu":2,"minecraft:basalt":3,"minecraft:crimson_stem":29,"minecraft:leather":16,"minecraft:red_mushroom":11,"minecraft:filled_map":2,"minecraft:birch_planks":15,"minecraft:oak_log":214,"jet_and_elias_armors:mercenary_gear_helmet":2,"minecraft:gunpowder":2,"minecraft:red_carpet":4,"jet_and_elias_armors:knight_m_pink_boots":2,"alexsmobs:cockroach_wing_fragment":2,"minecraft:heart_of_the_sea":12,"dynamictrees:birch_seed":1,"minecraft:iron_ingot":39,"minecraft:stone_pickaxe":6,"weaponmaster:tutorialbook":3,"spore:mutated_fiber":154,"minecraft:polished_andesite_slab":5,"minecraft:iron_sword":1,"minecraft:book":2,"minecraft:milk_bucket":1,"minecraft:dandelion":2,"minecraft:gravel":11,"minecraft:amethyst_shard":8,"minecraft:blast_furnace":1,"minecraft:white_bed":3,"minecraft:green_carpet":1,"minecraft:spider_eye":5,"spore:vent_plate":4,"magistuarmory:diamond_concavehalberd":1,"tacz:modern_kinetic_gun":6,"minecraft:iron_helmet":1,"minecraft:diamond_axe":1,"minecraft:gray_wool":6,"magistuarmory:steel_nugget":10,"minecraft:coal":19,"minecraft:ender_pearl":3},"minecraft:dropped":{"spore:spine_fragment":3,"minecraft:piston":3,"minecraft:soul_sand":2,"minecraft:brown_mushroom":5,"minecraft:birch_planks":5,"minecraft:cooked_beef":5,"mca:letter":3,"minecraft:cooked_porkchop":16,"minecraft:leather":2,"alexsmobs:bison_fur":1,"minecraft:red_mushroom":1,"minecraft:red_carpet":4,"minecraft:gold_block":2,"mca:staff_of_life":1,"minecraft:packed_ice":33,"mca:cross_headstone":1,"minecraft:ice":20,"minecraft:mutton":8,"minecraft:gold_nugget":2,"alexsmobs:raccoon_tail":1,"minecraft:white_wool":1,"spore:rusted_vent_plate":3,"minecraft:bone":7,"minecraft:gold_ingot":11,"minecraft:gravel":11,"minecraft:stone_axe":1,"dynamictrees:oak_seed":11,"minecraft:iron_nugget":15,"alexsmobs:animal_dictionary":2,"magistuarmory:iron_zweihander":2,"mca:book_blueprint":1,"minecraft:birch_sapling":1,"minecraft:rotten_flesh":5,"minecraft:oak_planks":2,"mca:villager_editor":1,"minecraft:gunpowder":1,"minecraft:leather_boots":1,"mca:whistle":66,"mca:book_infection":1,"minecraft:beef":17,"minecraft:stone_brick_stairs":4,"mca:matchmakers_ring":2,"minecraft:netherrack":2,"minecraft:crimson_planks":10,"minecraft:golden_boots":1,"minecraft:wheat_seeds":3,"dynamictrees:birch_seed":1,"weaponmaster:tutorialbook":2,"minecraft:iron_helmet":1,"minecraft:cobblestone":37,"minecraft:book":1,"minecraft:amethyst_block":1,"minecraft:grass_block":1,"minecraft:mushroom_stew":4,"minecraft:stick":16,"mca:wedding_ring":1,"minecraft:milk_bucket":2,"minecraft:leather_horse_armor":1,"minecraft:torch":1,"minecraft:wooden_axe":1,"minecraft:iron_leggings":1,"tacz:modern_kinetic_gun":1,"minecraft:heart_of_the_sea":8,"minecraft:string":14,"minecraft:furnace":1,"uniquedungeons:ancient_note":2,"minecraft:stone_sword":1,"minecraft:bowl":3,"minecraft:white_carpet":9,"minecraft:light_gray_wool":2,"spore:mutated_fiber":10,"magistuarmory:steel_nugget":5,"minecraft:filled_map":1,"minecraft:shield":1,"alexsmobs:cockroach_wing_fragment":1,"minecraft:iron_chestplate":1,"minecraft:oak_sapling":1,"minecraft:spider_eye":4,"tacz:ammo":36,"minecraft:bow":1,"minecraft:stone_pickaxe":3},"minecraft:killed_by":{"spore:busser":1,"spore:inf_wanderer":1},"minecraft:custom":{"minecraft:interact_with_crafting_table":62,"minecraft:open_barrel":4,"minecraft:leave_game":12,"minecraft:time_since_death":8452,"minecraft:sprint_one_cm":1048228,"minecraft:drop":154,"minecraft:talked_to_villager":2,"minecraft:play_time":613957,"minecraft:deaths":5,"minecraft:jump":6313,"minecraft:walk_on_water_one_cm":49540,"minecraft:interact_with_furnace":25,"minecraft:sleep_in_bed":7,"minecraft:waystone_activated":7,"minecraft:open_enderchest":1,"minecraft:damage_dealt":19530,"minecraft:player_kills":1,"minecraft:crouch_one_cm":48105,"minecraft:inspect_dispenser":1,"minecraft:horse_one_cm":21828,"minecraft:mob_kills":249,"minecraft:climb_one_cm":12822,"minecraft:walk_one_cm":921732,"minecraft:damage_dealt_absorbed":9,"minecraft:target_hit":1,"minecraft:sneak_time":17964,"minecraft:walk_under_water_one_cm":43647,"minecraft:boat_one_cm":71023,"minecraft:interact_with_blast_furnace":2,"minecraft:total_world_time":613957,"minecraft:tune_noteblock":158,"minecraft:interact_with_stonecutter":2,"minecraft:time_since_rest":8479,"minecraft:damage_taken":8261,"minecraft:swim_one_cm":79543,"minecraft:fly_one_cm":1497505,"minecraft:open_chest":78,"minecraft:fall_one_cm":173081},"minecraft:used":{"spore:cdu":2,"minecraft:chest":4,"minecraft:obsidian":14,"minecraft:grass_block":178,"minecraft:bow":17,"minecraft:furnace":6,"minecraft:stone_pickaxe":48,"minecraft:oak_planks":130,"spore:roasted_heart_kebab":1,"minecraft:redstone_block":42,"minecraft:mushroom_stew":6,"mca:female_villager_spawn_egg":72,"minecraft:crossbow":2,"waystones:waystone":1,"minecraft:bread":33,"magistuarmory:iron_ahlspiess":44,"spore:fiber_stew":1,"mca:cross_headstone":1,"minecraft:oak_boat":1,"minecraft:stone_sword":79,"minecraft:flint_and_steel":4,"tacz:gun_smith_table":3,"minecraft:torch":105,"spore:brain_noodles":1,"minecraft:dirt":2,"minecraft:wooden_axe":59,"minecraft:iron_axe":63,"minecraft:crimson_planks":105,"minecraft:basalt":3,"minecraft:golden_carrot":3,"spore:heart_kebab":1,"minecraft:cooked_beef":2,"minecraft:cobbled_deepslate":1,"mca:staff_of_life":7,"minecraft:crimson_stem":1,"mca:male_villager_spawn_egg":16,"minecraft:amethyst_block":3,"minecraft:birch_planks":62,"jet_and_elias_armors:mercenary_gear_helmet":1,"magistuarmory:iron_zweihander":194,"minecraft:tnt":500,"minecraft:crafting_table":20,"minecraft:white_bed":4,"mca:scythe":28,"minecraft:piston":24,"minecraft:iron_pickaxe":189,"minecraft:stone_axe":179,"minecraft:cobblestone":53,"minecraft:cooked_porkchop":84,"alexsmobs:animal_dictionary":1}},"DataVersion":3465}