{"stats":{"minecraft:killed":{"alexsmobs:raccoon":1,"minecraft:spider":2,"spore:inf_pillager":1,"minecraft:skeleton":1,"minecraft:zombie":5,"spore:inf_human":5,"minecraft:enderman":1,"minecraft:cow":2},"minecraft:killed_by":{"minecraft:player":2},"minecraft:custom":{"minecraft:interact_with_furnace":43,"minecraft:mob_kills":18,"minecraft:interact_with_crafting_table":23,"minecraft:leave_game":2,"minecraft:time_since_death":25043,"minecraft:climb_one_cm":347,"minecraft:time_since_rest":25163,"minecraft:sprint_one_cm":91466,"minecraft:damage_taken":2295,"minecraft:walk_one_cm":378430,"minecraft:damage_blocked_by_shield":350,"minecraft:drop":47,"minecraft:damage_dealt":2986,"minecraft:swim_one_cm":202,"minecraft:fly_one_cm":29114,"minecraft:open_chest":4,"minecraft:crouch_one_cm":4597,"minecraft:play_time":92420,"minecraft:deaths":8,"minecraft:sneak_time":2136,"minecraft:walk_under_water_one_cm":1329,"minecraft:jump":925,"minecraft:walk_on_water_one_cm":3167,"minecraft:total_world_time":92420,"minecraft:fall_one_cm":22245},"minecraft:crafted":{"minecraft:crafting_table":4,"minecraft:iron_helmet":1,"minecraft:wooden_pickaxe":2,"minecraft:iron_sword":1,"minecraft:bowl":4,"minecraft:furnace":2,"minecraft:copper_ingot":4,"minecraft:mushroom_stew":20,"minecraft:birch_planks":28,"minecraft:air":0,"minecraft:wooden_hoe":1,"minecraft:iron_chestplate":2,"minecraft:iron_boots":2,"minecraft:shield":1,"minecraft:iron_axe":1,"minecraft:stick":32,"minecraft:iron_ingot":50,"minecraft:iron_pickaxe":1,"minecraft:stone_pickaxe":1,"minecraft:wooden_axe":1,"minecraft:iron_leggings":2,"minecraft:torch":48,"minecraft:dark_oak_planks":36},"minecraft:mined":{"minecraft:dark_oak_leaves":4,"minecraft:deepslate_diamond_ore":2,"minecraft:dark_oak_log":42,"minecraft:granite":4,"minecraft:torch":2,"minecraft:crafting_table":1,"minecraft:grass_block":6,"minecraft:mushroom_stem":11,"minecraft:copper_ore":10,"minecraft:brown_mushroom_block":99,"minecraft:tall_grass":1,"minecraft:deepslate_coal_ore":1,"minecraft:deepslate_gold_ore":9,"minecraft:lapis_ore":9,"minecraft:moss_block":1,"minecraft:diorite":1,"minecraft:furnace":3,"minecraft:birch_log":12,"minecraft:iron_ore":19,"minecraft:birch_leaves":1,"minecraft:grass":10,"minecraft:coal_ore":26,"minecraft:cave_vines":1,"minecraft:deepslate_iron_ore":48,"minecraft:gravel":1,"minecraft:dirt":15,"minecraft:red_mushroom_block":56,"minecraft:stone":105,"minecraft:deepslate":40},"minecraft:dropped":{"minecraft:gravel":4,"minecraft:iron_ingot":10,"minecraft:iron_sword":1,"minecraft:moss_carpet":3,"minecraft:lapis_lazuli":94,"minecraft:diamond":3,"minecraft:tuff":2,"minecraft:birch_sapling":2,"minecraft:raw_iron":11,"minecraft:cobblestone":154,"minecraft:iron_helmet":1,"minecraft:glow_berries":1,"minecraft:iron_boots":2,"minecraft:leather":2,"minecraft:copper_ingot":4,"minecraft:mushroom_stew":8,"minecraft:dark_oak_log":43,"minecraft:gunpowder":4,"minecraft:diorite":2,"minecraft:wooden_hoe":1,"minecraft:iron_chestplate":1,"minecraft:iron_leggings":2,"minecraft:spider_eye":1,"minecraft:arrow":3,"minecraft:beef":4,"minecraft:wooden_pickaxe":2,"minecraft:raw_gold":9,"minecraft:iron_pickaxe":1},"minecraft:picked_up":{"minecraft:wooden_axe":1,"minecraft:birch_log":12,"minecraft:charcoal":3,"minecraft:crafting_table":2,"minecraft:clay_ball":72,"minecraft:leather":2,"minecraft:brown_mushroom":44,"minecraft:wooden_pickaxe":2,"minecraft:red_mushroom":30,"minecraft:birch_planks":1,"minecraft:mushroom_stew":5,"minecraft:tuff":4,"minecraft:shield":1,"minecraft:gunpowder":6,"minecraft:raw_copper":55,"minecraft:wooden_hoe":1,"minecraft:lapis_lazuli":150,"minecraft:string":16,"minecraft:dirt":20,"minecraft:moss_carpet":6,"minecraft:iron_axe":1,"minecraft:iron_leggings":2,"minecraft:bone":12,"minecraft:wheat_seeds":3,"minecraft:cobbled_deepslate":91,"minecraft:raw_gold":18,"minecraft:iron_ingot":14,"minecraft:beef":4,"minecraft:stone_pickaxe":1,"weaponmaster:tutorialbook":1,"minecraft:iron_pickaxe":3,"minecraft:moss_block":11,"minecraft:birch_sapling":2,"minecraft:iron_sword":1,"minecraft:iron_boots":2,"minecraft:furnace":3,"minecraft:dark_oak_sapling":2,"minecraft:raw_iron":86,"spore:cerebrum":2,"minecraft:torch":13,"minecraft:bowl":4,"minecraft:gravel":9,"minecraft:diorite":3,"minecraft:redstone":26,"minecraft:dark_oak_log":109,"minecraft:spider_eye":2,"alexsmobs:animal_dictionary":1,"minecraft:dark_oak_planks":16,"minecraft:arrow":6,"minecraft:rotten_flesh":3,"minecraft:diamond":3,"minecraft:stone_axe":2,"minecraft:granite":4,"minecraft:glow_berries":2,"minecraft:coal":116,"minecraft:cobblestone":236},"minecraft:used":{"minecraft:moss_block":1,"minecraft:stone_pickaxe":137,"minecraft:wooden_pickaxe":48,"minecraft:shield":11,"minecraft:iron_chestplate":1,"minecraft:torch":43,"minecraft:mushroom_stew":17,"minecraft:crafting_table":4,"minecraft:granite":1,"minecraft:wooden_axe":25,"minecraft:wooden_hoe":1,"minecraft:iron_axe":30,"minecraft:iron_pickaxe":97,"minecraft:furnace":5,"minecraft:birch_log":1,"minecraft:cobbled_deepslate":5}},"DataVersion":3465}