{"stats":{"minecraft:killed_by":{"spore:inf_human":1},"minecraft:custom":{"minecraft:interact_with_furnace":39,"minecraft:mob_kills":6,"minecraft:interact_with_crafting_table":32,"minecraft:time_since_death":22967,"minecraft:time_since_rest":23085,"minecraft:sprint_one_cm":30940,"minecraft:damage_taken":1045,"minecraft:walk_one_cm":302105,"minecraft:drop":10,"minecraft:damage_dealt":1410,"minecraft:swim_one_cm":675,"minecraft:fly_one_cm":6932,"minecraft:player_kills":1,"minecraft:open_chest":9,"minecraft:crouch_one_cm":5091,"minecraft:play_time":87155,"minecraft:deaths":2,"minecraft:sneak_time":2074,"minecraft:walk_under_water_one_cm":16438,"minecraft:jump":776,"minecraft:walk_on_water_one_cm":837,"minecraft:total_world_time":87155,"minecraft:fall_one_cm":14350},"minecraft:dropped":{"minecraft:iron_ingot":12,"minecraft:cobbled_deepslate":1,"minecraft:bowl":2,"minecraft:raw_iron":15,"minecraft:dark_oak_log":22,"minecraft:stone_pickaxe":1,"minecraft:iron_pickaxe":1},"minecraft:crafted":{"minecraft:copper_ingot":0,"minecraft:stone":0,"minecraft:charcoal":0,"minecraft:iron_ingot":0},"minecraft:used":{"minecraft:moss_block":1,"minecraft:diorite":2,"minecraft:stone_sword":15,"minecraft:birch_planks":2,"minecraft:stone_pickaxe":271,"minecraft:chest":4,"minecraft:stone":2,"minecraft:iron_sword":16,"minecraft:iron_chestplate":1,"minecraft:torch":38,"minecraft:glow_berries":2,"minecraft:dirt":14,"minecraft:crafting_table":3,"minecraft:mushroom_stew":7,"minecraft:granite":1,"minecraft:flowering_azalea":1,"minecraft:iron_pickaxe":43,"minecraft:iron_helmet":1,"minecraft:iron_boots":1,"minecraft:stone_axe":53,"minecraft:cobblestone":78,"minecraft:furnace":3,"minecraft:andesite":5,"alexsmobs:animal_dictionary":1,"minecraft:iron_leggings":1},"minecraft:picked_up":{"minecraft:iron_chestplate":1,"minecraft:birch_log":8,"minecraft:charcoal":3,"minecraft:crafting_table":1,"minecraft:andesite":12,"minecraft:red_mushroom":15,"minecraft:birch_planks":20,"minecraft:mushroom_stew":8,"minecraft:lapis_lazuli":162,"minecraft:dirt":65,"minecraft:string":5,"minecraft:raw_copper":89,"minecraft:iron_leggings":2,"minecraft:cobbled_deepslate":9,"minecraft:raw_gold":11,"minecraft:iron_ingot":20,"minecraft:stone_pickaxe":2,"weaponmaster:tutorialbook":1,"spore:mutated_fiber":12,"minecraft:iron_pickaxe":2,"minecraft:iron_sword":1,"minecraft:moss_block":3,"minecraft:chest":2,"minecraft:birch_sapling":2,"minecraft:flowering_azalea":1,"minecraft:iron_boots":2,"minecraft:furnace":2,"minecraft:dark_oak_sapling":1,"minecraft:stick":4,"minecraft:raw_iron":35,"minecraft:copper_ingot":12,"minecraft:torch":3,"minecraft:diorite":22,"minecraft:redstone":26,"alexsmobs:animal_dictionary":1,"minecraft:dark_oak_log":180,"minecraft:spider_eye":1,"minecraft:diamond":4,"minecraft:iron_helmet":1,"minecraft:granite":4,"minecraft:glow_berries":5,"minecraft:coal":152,"minecraft:cobblestone":955},"minecraft:killed":{"minecraft:spider":3,"minecraft:zombie":1,"spore:inf_human":2},"minecraft:broken":{"minecraft:stone_pickaxe":2},"minecraft:mined":{"minecraft:deepslate_redstone_ore":6,"minecraft:deepslate_diamond_ore":2,"minecraft:dark_oak_leaves":3,"minecraft:dark_oak_log":48,"spore:growths_big":3,"minecraft:crafting_table":1,"minecraft:cave_vines_plant":3,"minecraft:granite":1,"minecraft:grass_block":6,"minecraft:chest":2,"minecraft:mushroom_stem":3,"minecraft:cobblestone":7,"minecraft:copper_ore":20,"minecraft:lapis_ore":4,"spore:growths_small":5,"minecraft:moss_block":4,"minecraft:diorite":12,"minecraft:wall_torch":4,"minecraft:birch_planks":1,"minecraft:furnace":2,"minecraft:birch_log":8,"minecraft:iron_ore":6,"minecraft:fire":3,"minecraft:birch_leaves":3,"minecraft:andesite":9,"minecraft:grass":1,"minecraft:coal_ore":94,"minecraft:cave_vines":7,"minecraft:deepslate_iron_ore":11,"minecraft:dirt":20,"minecraft:red_mushroom_block":80,"minecraft:stone":560,"minecraft:gold_ore":1,"spore:remains":1,"minecraft:deepslate":10}},"DataVersion":3465}