{"stats":{"minecraft:killed":{"spore:inf_hazmat":6,"alexsmobs:lobster":1,"minecraft:spider":18,"alexsmobs:snow_leopard":1,"minecraft:skeleton":40,"minecraft:chicken":16,"alexsmobs:laviathan":1,"minecraft:pig":40,"spore:inf_player":4,"spore:inf_wanderer":4,"minecraft:salmon":7,"spore:inf_drowned":1,"minecraft:creeper":27,"alexsmobs:crimson_mosquito":1,"minecraft:sheep":19,"spore:inf_villager":15,"spore:inf_human":27,"minecraft:zombie":31,"alexsmobs:terrapin":1,"spore:howler":1,"alexsmobs:fly":2,"spore:knight":1,"minecraft:cow":25,"mca:female_zombie_villager":1,"alexsmobs:raccoon":5,"alexsmobs:sugar_glider":1,"minecraft:phantom":1,"minecraft:horse":6,"alexsmobs:blue_jay":1,"minecraft:drowned":1,"alexsmobs:flying_fish":4,"alexsmobs:rocky_roller":1,"minecraft:squid":1,"spore:inf_pillager":13,"alexsmobs:crocodile":2,"spore:inf_witch":3,"alexsmobs:moose":5,"alexsmobs:crow":1,"mca:female_villager":1},"minecraft:mined":{"minecraft:spruce_planks":2,"minecraft:white_bed":2,"minecraft:granite":2,"minecraft:grass_block":79,"minecraft:oxeye_daisy":6,"minecraft:spawner":5,"minecraft:iron_ore":76,"minecraft:fire":1,"minecraft:deepslate_lapis_ore":3,"minecraft:azure_bluet":7,"minecraft:pointed_dripstone":5,"minecraft:dirt_path":4,"minecraft:oak_stairs":1,"minecraft:iron_bars":1,"minecraft:spruce_slab":1,"minecraft:tripwire":2,"minecraft:torch":4,"minecraft:blast_furnace":2,"minecraft:poppy":7,"minecraft:cobblestone":8,"minecraft:sugar_cane":1,"minecraft:oak_planks":43,"minecraft:wall_torch":9,"mca:cross_headstone":2,"minecraft:birch_log":45,"minecraft:blue_ice":7,"minecraft:black_bed":2,"minecraft:grass":30,"minecraft:oak_log":3,"minecraft:dirt":64,"minecraft:smooth_quartz":1,"structure_gel:dynamic_spawner":1,"minecraft:red_mushroom_block":1,"minecraft:netherrack":9,"spore:remains":2,"minecraft:deepslate":49,"minecraft:nether_gold_ore":22,"minecraft:tuff":9,"minecraft:mossy_cobblestone":1,"minecraft:dark_oak_leaves":9,"minecraft:deepslate_diamond_ore":8,"minecraft:dark_oak_log":39,"minecraft:glow_lichen":1,"spore:lab_block3":2,"minecraft:white_stained_glass":3,"minecraft:furnace":7,"spore:cdu":1,"minecraft:andesite":1,"minecraft:deepslate_iron_ore":83,"minecraft:stone":147,"minecraft:bone_block":6,"minecraft:white_wool":1,"spore:vent_plate":1,"uniquedungeons:climbing_hook":1,"minecraft:glass_pane":1,"minecraft:lily_of_the_valley":1,"minecraft:dandelion":27,"minecraft:crafting_table":8,"minecraft:cornflower":2,"minecraft:tall_grass":7,"minecraft:copper_ore":47,"minecraft:lapis_ore":7,"minecraft:deepslate_gold_ore":55,"minecraft:diorite":1,"minecraft:stripped_spruce_wood":2,"minecraft:birch_leaves":4,"minecraft:yellow_bed":6,"minecraft:coal_ore":101,"minecraft:gravel":73,"minecraft:dripstone_block":1,"minecraft:gold_ore":20},"minecraft:broken":{"minecraft:iron_pickaxe":2},"minecraft:crafted":{"minecraft:smooth_stone":0,"minecraft:oak_planks":1021,"minecraft:cooked_chicken":4,"minecraft:stone":0,"minecraft:cooked_mutton":6,"magistuarmory:pole":5,"minecraft:emerald":10,"minecraft:cooked_porkchop":81,"minecraft:birch_planks":144,"minecraft:charcoal":0,"minecraft:stick":48,"minecraft:iron_ingot":8,"minecraft:gold_ingot":8,"magistuarmory:leather_strip":102,"minecraft:coal":36,"mca:bouquet":1,"minecraft:bone_meal":54,"magistuarmory:hilt":102,"magistuarmory:steel_ingot":29,"minecraft:dark_oak_planks":24,"magistuarmory:steel_plate":44,"minecraft:cooked_beef":1,"uniquedungeons:climbing_hook_item":10,"alexsmobs:cooked_moose_ribs":8,"minecraft:air":0,"minecraft:white_wool":2,"minecraft:torch":496},"minecraft:picked_up":{"minecraft:wooden_axe":2,"minecraft:iron_chestplate":2,"spore:mutated_heart":3,"minecraft:oak_stairs":1,"minecraft:nether_brick":7,"minecraft:string":93,"minecraft:soul_soil":1,"magistuarmory:stechhelm":2,"minecraft:raw_copper":292,"minecraft:iron_leggings":2,"alexsmobs:blood_sac":1,"minecraft:gold_nugget":84,"minecraft:cobbled_deepslate":49,"minecraft:bucket":1,"minecraft:spruce_planks":2,"dynamictrees:oak_seed":89,"minecraft:iron_pickaxe":4,"alexsmobs:raccoon_tail":1,"minecraft:furnace":10,"minecraft:iron_boots":1,"mca:wedding_ring":1,"minecraft:golden_helmet":3,"minecraft:stick":600,"minecraft:torch":397,"minecraft:porkchop":99,"minecraft:pointed_dripstone":10,"minecraft:diorite":1,"minecraft:stone_sword":1,"magistuarmory:jousting_leggings":1,"minecraft:rotten_flesh":24,"minecraft:obsidian":8,"minecraft:iron_bars":1,"minecraft:snowball":14,"alexsmobs:flying_fish":4,"minecraft:cobblestone":572,"minecraft:birch_log":79,"minecraft:cooked_beef":5,"minecraft:feather":71,"magistuarmory:steel_ring":10,"minecraft:andesite":2,"minecraft:black_bed":5,"minecraft:golden_leggings":3,"alexsmobs:bison_fur":2,"uniquedungeons:climbing_hook_item":2,"minecraft:flint":14,"magistuarmory:hilt":29,"minecraft:tuff":5,"minecraft:stripped_spruce_wood":2,"alexsmobs:rocky_shell":1,"minecraft:lapis_lazuli":114,"minecraft:dirt":143,"minecraft:name_tag":6,"minecraft:bone":108,"minecraft:bow":4,"minecraft:wheat_seeds":11,"mca:whistle":129,"minecraft:raw_gold":98,"minecraft:glowstone_dust":1,"minecraft:oak_planks":223,"spore:cerebrum":4,"minecraft:cooked_porkchop":55,"spore:armor_fragment":35,"magistuarmory:jousting_chestplate":1,"spore:rusted_vent_plate":7,"minecraft:spectral_arrow":40,"minecraft:dark_oak_log":68,"alexsmobs:animal_dictionary":3,"minecraft:mossy_cobblestone":3,"minecraft:polished_andesite":1,"magistuarmory:steel_chainmorgenstern":3,"minecraft:diamond":23,"magistuarmory:leather_strip":41,"minecraft:granite":1,"alexsmobs:moose_ribs":10,"alexsmobs:maggot":2,"spore:spine_fragment":7,"minecraft:oak_sapling":3,"minecraft:netherrack":257,"minecraft:nether_star":8,"minecraft:crafting_table":12,"minecraft:azure_bluet":7,"minecraft:splash_potion":2,"minecraft:chicken":25,"minecraft:brown_mushroom":3,"spore:lab_block3":2,"minecraft:cornflower":2,"minecraft:wooden_sword":1,"tacz:ammo":36,"minecraft:white_carpet":8,"minecraft:iron_shovel":1,"minecraft:blackstone":79,"mca:staff_of_life":1,"minecraft:beef":88,"minecraft:iron_nugget":12,"minecraft:poppy":7,"minecraft:light_gray_wool":2,"minecraft:spruce_slab":1,"minecraft:birch_sapling":18,"minecraft:egg":7,"minecraft:raw_iron":227,"minecraft:oak_door":1,"minecraft:bowl":3,"sophisticatedbackpacks:backpack":2,"minecraft:carrot":126,"uniquedungeons:ancient_note":2,"alexsmobs:crocodile_scute":4,"minecraft:dark_oak_planks":45,"minecraft:weeping_vines":2,"minecraft:arrow":157,"magistuarmory:steel_ingot":9,"magistuarmory:jousting_boots":1,"minecraft:saddle":1,"minecraft:gold_ingot":42,"minecraft:mutton":65,"minecraft:bone_block":24,"minecraft:skeleton_skull":5,"minecraft:white_wool":24,"minecraft:oxeye_daisy":6,"spore:cdu":1,"minecraft:basalt":242,"minecraft:salmon":8,"minecraft:leather":57,"minecraft:filled_map":2,"minecraft:birch_planks":197,"minecraft:oak_log":856,"magistuarmory:barbute":3,"minecraft:golden_boots":3,"minecraft:yellow_bed":6,"minecraft:gunpowder":66,"mca:book_romance":1,"minecraft:cooked_mutton":3,"uniquedungeons:crystal_arrow_item":1,"minecraft:apple":4,"minecraft:stone_bricks":1,"dynamictrees:birch_seed":30,"minecraft:iron_ingot":40,"minecraft:stone_pickaxe":12,"weaponmaster:tutorialbook":1,"spore:mutated_fiber":118,"mca:villager_editor":1,"minecraft:verdant_froglight":1,"minecraft:quartz":55,"minecraft:dandelion":23,"minecraft:dripstone_block":18,"minecraft:gravel":86,"magistuarmory:longbow":2,"minecraft:blast_furnace":3,"minecraft:white_bed":1,"minecraft:crying_obsidian":3,"minecraft:spider_eye":3,"minecraft:leather_helmet":1,"spore:vent_plate":4,"tacz:modern_kinetic_gun":1,"minecraft:stone_axe":9,"magistuarmory:diamond_concavehalberd":2,"minecraft:iron_helmet":3,"minecraft:diamond_axe":2,"minecraft:black_wool":1,"magistuarmory:stone_concavehalberd":4,"minecraft:coal":214,"magistuarmory:steel_nugget":19},"minecraft:dropped":{"spore:spine_fragment":7,"minecraft:brown_mushroom":2,"minecraft:cooked_beef":5,"mca:bouquet":1,"minecraft:weeping_vines":2,"spore:lab_block3":1,"alexsmobs:rocky_shell":1,"minecraft:saddle":1,"alexsmobs:bison_fur":2,"minecraft:leather_helmet":1,"minecraft:flint":10,"mca:staff_of_life":1,"minecraft:dirt":2,"minecraft:gold_nugget":4,"minecraft:verdant_froglight":1,"alexsmobs:raccoon_tail":1,"minecraft:white_wool":5,"minecraft:bone":1,"minecraft:gold_ingot":8,"minecraft:oak_door":1,"minecraft:gravel":11,"minecraft:stone_axe":2,"minecraft:blackstone":19,"dynamictrees:oak_seed":73,"minecraft:iron_nugget":4,"minecraft:cobbled_deepslate":3,"alexsmobs:animal_dictionary":1,"spore:vent_plate":4,"minecraft:nether_brick":7,"magistuarmory:steel_ring":15,"minecraft:obsidian":8,"minecraft:rotten_flesh":5,"minecraft:oak_planks":111,"minecraft:glowstone_dust":1,"minecraft:azure_bluet":2,"alexsmobs:blood_sac":1,"minecraft:gunpowder":3,"mca:whistle":128,"minecraft:basalt":26,"minecraft:beef":2,"minecraft:crying_obsidian":3,"minecraft:quartz":3,"spore:armor_fragment":26,"magistuarmory:barbute":2,"minecraft:golden_boots":1,"minecraft:wheat_seeds":11,"dynamictrees:birch_seed":4,"minecraft:golden_horse_armor":1,"minecraft:feather":6,"minecraft:iron_helmet":3,"minecraft:cobblestone":14,"magistuarmory:armet":1,"minecraft:coal":5,"minecraft:golden_apple":1,"minecraft:stick":70,"mca:wedding_ring":1,"minecraft:oxeye_daisy":1,"magistuarmory:stone_concavehalberd":1,"minecraft:diorite":1,"minecraft:torch":67,"minecraft:iron_leggings":1,"tacz:modern_kinetic_gun":1,"spore:mutated_heart":3,"minecraft:iron_shovel":1,"minecraft:string":2,"minecraft:bucket":1,"minecraft:dandelion":2,"alexsmobs:crocodile_scute":4,"alexsmobs:maggot":2,"minecraft:soul_soil":1,"minecraft:bowl":1,"minecraft:tuff":1,"minecraft:raw_iron":3,"minecraft:white_carpet":8,"minecraft:light_gray_wool":2,"minecraft:iron_boots":1,"spore:cerebrum":4,"minecraft:name_tag":2,"spore:mutated_fiber":99,"magistuarmory:hilt":1,"minecraft:filled_map":2,"minecraft:spruce_planks":2,"minecraft:iron_chestplate":1,"minecraft:spider_eye":3,"minecraft:stone_bricks":1,"tacz:ammo":33,"minecraft:bow":1,"minecraft:stripped_spruce_wood":2,"minecraft:black_wool":1},"minecraft:killed_by":{"minecraft:creeper":1,"spore:inf_human":3,"spore:inf_pillager":1,"spore:inf_player":4,"alexsmobs:crocodile":1,"minecraft:zombie":1},"minecraft:custom":{"minecraft:animals_bred":2,"minecraft:interact_with_crafting_table":78,"minecraft:open_barrel":1,"minecraft:bell_ring":6,"minecraft:eat_cake_slice":8,"minecraft:leave_game":14,"minecraft:time_since_death":2338,"minecraft:sprint_one_cm":2014745,"minecraft:drop":335,"minecraft:play_noteblock":1,"minecraft:play_time":667744,"minecraft:deaths":21,"minecraft:jump":11299,"minecraft:interact_with_brewingstand":1,"minecraft:walk_on_water_one_cm":101147,"minecraft:interact_with_furnace":64,"minecraft:traded_with_villager":12,"minecraft:sleep_in_bed":11,"minecraft:waystone_activated":4,"minecraft:open_enderchest":1,"minecraft:damage_dealt":28049,"minecraft:crouch_one_cm":2166,"minecraft:inspect_dispenser":2,"minecraft:horse_one_cm":125761,"minecraft:interact_with_smithing_table":3,"minecraft:mob_kills":355,"minecraft:climb_one_cm":79794,"minecraft:walk_one_cm":1920782,"minecraft:damage_dealt_absorbed":85,"minecraft:sneak_time":1140,"minecraft:walk_under_water_one_cm":60321,"minecraft:boat_one_cm":170468,"minecraft:interact_with_blast_furnace":17,"minecraft:total_world_time":667744,"minecraft:tune_noteblock":8,"minecraft:time_since_rest":2385,"minecraft:damage_taken":12186,"minecraft:swim_one_cm":142455,"minecraft:fly_one_cm":1431478,"minecraft:open_chest":60,"minecraft:fall_one_cm":283538},"minecraft:used":{"spore:cdu":1,"minecraft:iron_shovel":67,"minecraft:spruce_slab":1,"minecraft:iron_sword":1,"minecraft:rotten_flesh":10,"minecraft:mutton":16,"spore:lab_block3":1,"minecraft:tuff":4,"minecraft:iron_helmet":1,"minecraft:bow":114,"minecraft:dark_oak_boat":1,"minecraft:furnace":10,"minecraft:golden_boots":1,"minecraft:oak_planks":938,"minecraft:stone_pickaxe":161,"minecraft:diamond_axe":34,"minecraft:blast_furnace":2,"minecraft:black_bed":2,"minecraft:dripstone_block":18,"magistuarmory:longbow":37,"minecraft:string":2,"minecraft:gravel":67,"minecraft:golden_helmet":1,"magistuarmory:diamond_concavehalberd":91,"alexsmobs:cooked_moose_ribs":9,"minecraft:wooden_sword":52,"minecraft:andesite":1,"minecraft:iron_bars":1,"minecraft:stone_sword":30,"minecraft:cooked_chicken":10,"minecraft:netherrack":1,"minecraft:torch":548,"minecraft:dirt":69,"alexsmobs:moose_ribs":1,"minecraft:granite":1,"minecraft:wooden_axe":83,"minecraft:iron_axe":65,"minecraft:oak_stairs":1,"magistuarmory:stone_concavehalberd":252,"minecraft:beef":38,"minecraft:cooked_beef":15,"minecraft:cobbled_deepslate":46,"mca:staff_of_life":4,"spore:rusted_vent_plate":7,"minecraft:pointed_dripstone":8,"minecraft:cooked_mutton":6,"minecraft:salmon":7,"minecraft:crafting_table":13,"minecraft:white_bed":2,"minecraft:oak_log":1,"alexsmobs:flying_fish":4,"minecraft:chicken":1,"minecraft:iron_pickaxe":560,"minecraft:stone_axe":31,"minecraft:cobblestone":9,"minecraft:porkchop":2,"minecraft:cooked_porkchop":81,"minecraft:yellow_bed":6,"magistuarmory:steel_chainmorgenstern":5,"alexsmobs:animal_dictionary":1,"minecraft:splash_potion":1}},"DataVersion":3465}