{"stats":{"minecraft:killed":{"spore:inf_hazmat":6,"alexsmobs:lobster":1,"minecraft:spider":17,"alexsmobs:snow_leopard":1,"minecraft:skeleton":34,"minecraft:chicken":16,"alexsmobs:laviathan":1,"minecraft:pig":40,"spore:inf_player":3,"spore:inf_wanderer":2,"minecraft:salmon":7,"spore:inf_drowned":1,"minecraft:creeper":23,"alexsmobs:crimson_mosquito":1,"minecraft:sheep":19,"spore:inf_villager":13,"spore:inf_human":23,"minecraft:zombie":26,"alexsmobs:terrapin":1,"spore:howler":1,"alexsmobs:fly":2,"spore:knight":1,"minecraft:cow":25,"alexsmobs:raccoon":5,"alexsmobs:sugar_glider":1,"minecraft:phantom":1,"minecraft:horse":6,"alexsmobs:blue_jay":1,"minecraft:drowned":1,"alexsmobs:flying_fish":4,"minecraft:squid":1,"spore:inf_pillager":13,"alexsmobs:crocodile":2,"spore:inf_witch":2,"alexsmobs:moose":5,"alexsmobs:crow":1,"mca:female_villager":1},"minecraft:killed_by":{"minecraft:creeper":1,"spore:inf_human":3,"spore:inf_pillager":1,"spore:inf_player":4,"alexsmobs:crocodile":1,"minecraft:zombie":1},"minecraft:picked_up":{"minecraft:wooden_axe":2,"spore:mutated_heart":3,"minecraft:iron_chestplate":2,"minecraft:oak_stairs":1,"minecraft:nether_brick":7,"magistuarmory:stechhelm":1,"minecraft:soul_soil":1,"minecraft:string":91,"minecraft:raw_copper":165,"minecraft:iron_leggings":2,"alexsmobs:blood_sac":1,"minecraft:gold_nugget":84,"minecraft:cobbled_deepslate":48,"minecraft:bucket":1,"minecraft:spruce_planks":2,"dynamictrees:oak_seed":89,"minecraft:iron_pickaxe":4,"alexsmobs:raccoon_tail":1,"minecraft:furnace":8,"minecraft:iron_boots":1,"mca:wedding_ring":1,"minecraft:golden_helmet":3,"minecraft:stick":542,"minecraft:torch":397,"minecraft:porkchop":99,"minecraft:pointed_dripstone":4,"minecraft:diorite":1,"minecraft:stone_sword":1,"minecraft:rotten_flesh":20,"minecraft:obsidian":8,"minecraft:iron_bars":1,"minecraft:snowball":14,"alexsmobs:flying_fish":4,"minecraft:cobblestone":498,"minecraft:birch_log":79,"magistuarmory:steel_ring":10,"minecraft:feather":71,"minecraft:cooked_beef":5,"minecraft:andesite":1,"minecraft:black_bed":5,"minecraft:golden_leggings":3,"minecraft:tuff":4,"alexsmobs:bison_fur":2,"uniquedungeons:climbing_hook_item":2,"minecraft:flint":14,"magistuarmory:hilt":29,"minecraft:stripped_spruce_wood":2,"minecraft:dirt":143,"minecraft:name_tag":4,"minecraft:bone":106,"minecraft:bow":3,"minecraft:wheat_seeds":11,"mca:whistle":129,"minecraft:raw_gold":53,"minecraft:glowstone_dust":1,"minecraft:oak_planks":109,"spore:cerebrum":4,"minecraft:cooked_porkchop":47,"spore:armor_fragment":35,"spore:rusted_vent_plate":7,"minecraft:spectral_arrow":40,"minecraft:dark_oak_log":68,"alexsmobs:animal_dictionary":3,"minecraft:mossy_cobblestone":3,"minecraft:polished_andesite":1,"magistuarmory:steel_chainmorgenstern":2,"minecraft:diamond":15,"magistuarmory:leather_strip":41,"minecraft:granite":1,"alexsmobs:moose_ribs":10,"alexsmobs:maggot":2,"spore:spine_fragment":7,"minecraft:oak_sapling":3,"minecraft:netherrack":257,"minecraft:nether_star":4,"minecraft:crafting_table":10,"minecraft:azure_bluet":7,"minecraft:chicken":21,"minecraft:brown_mushroom":3,"spore:lab_block3":2,"minecraft:cornflower":2,"minecraft:wooden_sword":1,"tacz:ammo":36,"minecraft:white_carpet":8,"minecraft:iron_shovel":1,"minecraft:blackstone":79,"mca:staff_of_life":1,"minecraft:beef":73,"minecraft:iron_nugget":12,"minecraft:poppy":7,"minecraft:spruce_slab":1,"minecraft:light_gray_wool":2,"minecraft:birch_sapling":18,"minecraft:egg":7,"minecraft:raw_iron":110,"minecraft:oak_door":1,"minecraft:bowl":3,"sophisticatedbackpacks:backpack":1,"minecraft:carrot":84,"uniquedungeons:ancient_note":2,"alexsmobs:crocodile_scute":4,"minecraft:dark_oak_planks":45,"minecraft:weeping_vines":2,"minecraft:arrow":148,"magistuarmory:steel_ingot":4,"minecraft:saddle":1,"minecraft:gold_ingot":21,"minecraft:mutton":48,"minecraft:bone_block":24,"minecraft:skeleton_skull":5,"minecraft:white_wool":24,"minecraft:oxeye_daisy":6,"spore:cdu":1,"minecraft:basalt":242,"minecraft:salmon":8,"minecraft:leather":57,"minecraft:filled_map":2,"minecraft:birch_planks":197,"minecraft:oak_log":677,"magistuarmory:barbute":3,"minecraft:golden_boots":3,"minecraft:yellow_bed":6,"minecraft:gunpowder":63,"mca:book_romance":1,"minecraft:cooked_mutton":3,"uniquedungeons:crystal_arrow_item":1,"minecraft:apple":4,"minecraft:stone_bricks":1,"dynamictrees:birch_seed":30,"minecraft:iron_ingot":40,"minecraft:stone_pickaxe":12,"weaponmaster:tutorialbook":1,"spore:mutated_fiber":110,"mca:villager_editor":1,"minecraft:verdant_froglight":1,"minecraft:quartz":55,"minecraft:dandelion":23,"minecraft:gravel":86,"magistuarmory:longbow":2,"minecraft:blast_furnace":1,"minecraft:white_bed":1,"minecraft:crying_obsidian":3,"minecraft:spider_eye":3,"minecraft:leather_helmet":1,"spore:vent_plate":4,"minecraft:stone_axe":9,"tacz:modern_kinetic_gun":1,"magistuarmory:diamond_concavehalberd":1,"minecraft:iron_helmet":3,"minecraft:diamond_axe":1,"minecraft:black_wool":1,"magistuarmory:stone_concavehalberd":4,"minecraft:coal":214,"magistuarmory:steel_nugget":14},"minecraft:custom":{"minecraft:animals_bred":2,"minecraft:interact_with_crafting_table":77,"minecraft:open_barrel":1,"minecraft:bell_ring":6,"minecraft:eat_cake_slice":8,"minecraft:leave_game":6,"minecraft:time_since_death":96767,"minecraft:sprint_one_cm":1913292,"minecraft:drop":328,"minecraft:play_noteblock":1,"minecraft:play_time":634362,"minecraft:deaths":19,"minecraft:jump":10446,"minecraft:interact_with_brewingstand":1,"minecraft:walk_on_water_one_cm":99340,"minecraft:interact_with_furnace":57,"minecraft:traded_with_villager":12,"minecraft:sleep_in_bed":11,"minecraft:waystone_activated":4,"minecraft:open_enderchest":1,"minecraft:damage_dealt":26530,"minecraft:crouch_one_cm":2166,"minecraft:inspect_dispenser":2,"minecraft:horse_one_cm":125761,"minecraft:interact_with_smithing_table":3,"minecraft:mob_kills":326,"minecraft:climb_one_cm":73984,"minecraft:walk_one_cm":1861399,"minecraft:damage_dealt_absorbed":85,"minecraft:sneak_time":1140,"minecraft:walk_under_water_one_cm":59536,"minecraft:boat_one_cm":170468,"minecraft:interact_with_blast_furnace":15,"minecraft:total_world_time":634362,"minecraft:tune_noteblock":8,"minecraft:time_since_rest":96849,"minecraft:damage_taken":10934,"minecraft:swim_one_cm":142105,"minecraft:fly_one_cm":1322883,"minecraft:open_chest":60,"minecraft:fall_one_cm":245855},"minecraft:mined":{"minecraft:spruce_planks":2,"minecraft:white_bed":2,"minecraft:granite":2,"minecraft:grass_block":79,"minecraft:oxeye_daisy":6,"minecraft:spawner":5,"minecraft:iron_ore":37,"minecraft:fire":1,"minecraft:azure_bluet":7,"minecraft:pointed_dripstone":2,"minecraft:dirt_path":4,"minecraft:oak_stairs":1,"minecraft:iron_bars":1,"minecraft:spruce_slab":1,"minecraft:tripwire":2,"minecraft:torch":4,"minecraft:blast_furnace":1,"minecraft:poppy":7,"minecraft:cobblestone":8,"minecraft:sugar_cane":1,"minecraft:oak_planks":43,"minecraft:wall_torch":9,"mca:cross_headstone":2,"minecraft:birch_log":45,"minecraft:blue_ice":7,"minecraft:black_bed":2,"minecraft:grass":30,"minecraft:oak_log":3,"minecraft:dirt":64,"minecraft:smooth_quartz":1,"structure_gel:dynamic_spawner":1,"minecraft:red_mushroom_block":1,"minecraft:netherrack":9,"minecraft:deepslate":48,"spore:remains":2,"minecraft:nether_gold_ore":22,"minecraft:tuff":9,"minecraft:mossy_cobblestone":1,"minecraft:dark_oak_leaves":9,"minecraft:deepslate_diamond_ore":7,"minecraft:dark_oak_log":39,"minecraft:glow_lichen":1,"spore:lab_block3":2,"minecraft:white_stained_glass":3,"minecraft:furnace":6,"spore:cdu":1,"minecraft:deepslate_iron_ore":67,"minecraft:stone":129,"minecraft:bone_block":6,"minecraft:white_wool":1,"spore:vent_plate":1,"uniquedungeons:climbing_hook":1,"minecraft:glass_pane":1,"minecraft:lily_of_the_valley":1,"minecraft:dandelion":27,"minecraft:crafting_table":7,"minecraft:cornflower":2,"minecraft:tall_grass":7,"minecraft:copper_ore":47,"minecraft:deepslate_gold_ore":52,"minecraft:diorite":1,"minecraft:stripped_spruce_wood":2,"minecraft:birch_leaves":4,"minecraft:yellow_bed":6,"minecraft:coal_ore":101,"minecraft:gravel":73,"minecraft:gold_ore":2},"minecraft:crafted":{"minecraft:smooth_stone":0,"minecraft:oak_planks":1021,"minecraft:cooked_chicken":4,"minecraft:stone":0,"minecraft:cooked_mutton":6,"magistuarmory:pole":5,"minecraft:emerald":10,"minecraft:cooked_porkchop":65,"minecraft:birch_planks":144,"minecraft:charcoal":0,"minecraft:stick":48,"minecraft:iron_ingot":5,"minecraft:gold_ingot":8,"magistuarmory:leather_strip":102,"minecraft:coal":36,"mca:bouquet":1,"minecraft:bone_meal":54,"magistuarmory:hilt":102,"magistuarmory:steel_ingot":29,"minecraft:dark_oak_planks":24,"magistuarmory:steel_plate":44,"minecraft:cooked_beef":1,"uniquedungeons:climbing_hook_item":10,"alexsmobs:cooked_moose_ribs":8,"minecraft:air":0,"minecraft:white_wool":2,"minecraft:torch":428},"minecraft:broken":{"minecraft:iron_pickaxe":1},"minecraft:dropped":{"spore:spine_fragment":7,"minecraft:brown_mushroom":2,"minecraft:cooked_beef":5,"mca:bouquet":1,"minecraft:weeping_vines":2,"spore:lab_block3":1,"minecraft:saddle":1,"alexsmobs:bison_fur":2,"minecraft:leather_helmet":1,"minecraft:flint":10,"mca:staff_of_life":1,"minecraft:dirt":2,"minecraft:gold_nugget":4,"minecraft:verdant_froglight":1,"alexsmobs:raccoon_tail":1,"minecraft:white_wool":5,"minecraft:gold_ingot":8,"minecraft:oak_door":1,"minecraft:gravel":11,"minecraft:stone_axe":2,"minecraft:blackstone":19,"dynamictrees:oak_seed":73,"minecraft:iron_nugget":4,"minecraft:cobbled_deepslate":3,"alexsmobs:animal_dictionary":1,"spore:vent_plate":4,"minecraft:nether_brick":7,"magistuarmory:steel_ring":15,"minecraft:obsidian":8,"minecraft:rotten_flesh":5,"minecraft:oak_planks":111,"minecraft:glowstone_dust":1,"minecraft:azure_bluet":2,"alexsmobs:blood_sac":1,"minecraft:gunpowder":2,"mca:whistle":128,"minecraft:basalt":26,"minecraft:beef":2,"minecraft:crying_obsidian":3,"minecraft:quartz":3,"spore:armor_fragment":26,"magistuarmory:barbute":2,"minecraft:golden_boots":1,"minecraft:wheat_seeds":11,"dynamictrees:birch_seed":4,"minecraft:golden_horse_armor":1,"minecraft:feather":6,"minecraft:iron_helmet":3,"minecraft:cobblestone":7,"magistuarmory:armet":1,"minecraft:coal":5,"minecraft:golden_apple":1,"minecraft:stick":70,"mca:wedding_ring":1,"minecraft:oxeye_daisy":1,"magistuarmory:stone_concavehalberd":1,"minecraft:diorite":1,"minecraft:torch":67,"minecraft:iron_leggings":1,"tacz:modern_kinetic_gun":1,"spore:mutated_heart":3,"minecraft:iron_shovel":1,"minecraft:string":2,"minecraft:bucket":1,"minecraft:dandelion":2,"alexsmobs:crocodile_scute":4,"alexsmobs:maggot":2,"minecraft:soul_soil":1,"minecraft:bowl":1,"minecraft:raw_iron":3,"minecraft:white_carpet":8,"minecraft:light_gray_wool":2,"minecraft:iron_boots":1,"spore:cerebrum":4,"minecraft:name_tag":2,"spore:mutated_fiber":93,"magistuarmory:hilt":1,"minecraft:filled_map":2,"minecraft:spruce_planks":2,"minecraft:iron_chestplate":1,"minecraft:stone_bricks":1,"minecraft:spider_eye":3,"tacz:ammo":33,"minecraft:bow":1,"minecraft:stripped_spruce_wood":2,"minecraft:black_wool":1},"minecraft:used":{"spore:cdu":1,"minecraft:iron_shovel":67,"minecraft:spruce_slab":1,"minecraft:iron_sword":1,"minecraft:rotten_flesh":10,"minecraft:mutton":10,"spore:lab_block3":1,"minecraft:tuff":4,"minecraft:iron_helmet":1,"minecraft:bow":93,"minecraft:dark_oak_boat":1,"minecraft:furnace":9,"minecraft:golden_boots":1,"minecraft:oak_planks":938,"minecraft:stone_pickaxe":161,"minecraft:diamond_axe":32,"minecraft:blast_furnace":1,"minecraft:black_bed":2,"magistuarmory:longbow":37,"minecraft:string":2,"minecraft:gravel":67,"minecraft:golden_helmet":1,"magistuarmory:diamond_concavehalberd":77,"alexsmobs:cooked_moose_ribs":9,"minecraft:wooden_sword":52,"minecraft:iron_bars":1,"minecraft:stone_sword":30,"minecraft:cooked_chicken":10,"minecraft:netherrack":1,"minecraft:torch":463,"minecraft:dirt":69,"alexsmobs:moose_ribs":1,"minecraft:granite":1,"minecraft:wooden_axe":83,"minecraft:iron_axe":65,"minecraft:oak_stairs":1,"magistuarmory:stone_concavehalberd":252,"minecraft:beef":38,"minecraft:cooked_beef":15,"minecraft:cobbled_deepslate":45,"mca:staff_of_life":4,"spore:rusted_vent_plate":7,"minecraft:pointed_dripstone":4,"minecraft:cooked_mutton":6,"minecraft:salmon":7,"minecraft:crafting_table":12,"minecraft:white_bed":2,"minecraft:oak_log":1,"alexsmobs:flying_fish":4,"minecraft:chicken":1,"minecraft:iron_pickaxe":448,"minecraft:stone_axe":31,"minecraft:cobblestone":9,"minecraft:porkchop":2,"minecraft:cooked_porkchop":69,"minecraft:yellow_bed":6,"magistuarmory:steel_chainmorgenstern":5,"alexsmobs:animal_dictionary":1}},"DataVersion":3465}